Date,portfolio_value,daily_return,cumulative_return
2020-01-30,9902.397581832938,,
2020-01-31,9902.397581832938,0.0,1.0
2020-02-03,9902.397581832938,0.0,1.0
2020-02-04,9902.397581832938,0.0,1.0
2020-02-05,9902.397581832938,0.0,1.0
2020-02-06,9902.397581832938,0.0,1.0
2020-02-07,9902.397581832938,0.0,1.0
2020-02-10,9902.397581832938,0.0,1.0
2020-02-11,9902.397581832938,0.0,1.0
2020-02-12,9902.397581832938,0.0,1.0
2020-02-13,9902.397581832938,0.0,1.0
2020-02-14,9902.397581832938,0.0,1.0
2020-02-17,9902.397581832938,0.0,1.0
2020-02-18,9902.397581832938,0.0,1.0
2020-02-19,9902.397581832938,0.0,1.0
2020-02-20,9902.397581832938,0.0,1.0
2020-02-24,9902.397581832938,0.0,1.0
2020-02-25,9902.397581832938,0.0,1.0
2020-02-26,9902.397581832938,0.0,1.0
2020-02-27,9902.397581832938,0.0,1.0
2020-02-28,9902.397581832938,0.0,1.0
2020-03-02,9902.397581832938,0.0,1.0
2020-03-03,9902.397581832938,0.0,1.0
2020-03-04,9902.397581832938,0.0,1.0
2020-03-05,9902.397581832938,0.0,1.0
2020-03-06,9902.397581832938,0.0,1.0
2020-03-09,9902.397581832938,0.0,1.0
2020-03-11,9902.397581832938,0.0,1.0
2020-03-12,9902.397581832938,0.0,1.0
2020-03-13,9902.397581832938,0.0,1.0
2020-03-16,9902.397581832938,0.0,1.0
2020-03-17,9902.397581832938,0.0,1.0
2020-03-18,9902.397581832938,0.0,1.0
2020-03-19,9902.397581832938,0.0,1.0
2020-03-20,9902.397581832938,0.0,1.0
2020-03-23,9902.397581832938,0.0,1.0
2020-03-24,9902.397581832938,0.0,1.0
2020-03-25,9902.397581832938,0.0,1.0
2020-03-26,9902.397581832938,0.0,1.0
2020-03-27,9902.397581832938,0.0,1.0
2020-03-30,9902.397581832938,0.0,1.0
2020-03-31,9902.397581832938,0.0,1.0
2020-04-01,9902.397581832938,0.0,1.0
2020-04-03,9902.397581832938,0.0,1.0
2020-04-07,9902.397581832938,0.0,1.0
2020-04-08,9902.397581832938,0.0,1.0
2020-04-09,9902.397581832938,0.0,1.0
2020-04-13,9902.397581832938,0.0,1.0
2020-04-15,9902.397581832938,0.0,1.0
2020-04-16,9902.397581832938,0.0,1.0
2020-04-17,9902.397581832938,0.0,1.0
2020-04-20,9902.397581832938,0.0,1.0
2020-04-21,9902.397581832938,0.0,1.0
2020-04-22,9902.397581832938,0.0,1.0
2020-04-23,9902.397581832938,0.0,1.0
2020-04-24,9902.397581832938,0.0,1.0
2020-04-27,9902.397581832938,0.0,1.0
2020-04-28,9902.397581832938,0.0,1.0
2020-04-29,9902.397581832938,0.0,1.0
2020-04-30,9902.397581832938,0.0,1.0
2020-05-04,9902.397581832938,0.0,1.0
2020-05-05,9902.397581832938,0.0,1.0
2020-05-06,9902.397581832938,0.0,1.0
2020-05-07,9902.397581832938,0.0,1.0
2020-05-08,9902.397581832938,0.0,1.0
2020-05-11,9902.397581832938,0.0,1.0
2020-05-12,9902.397581832938,0.0,1.0
2020-05-13,9902.397581832938,0.0,1.0
2020-05-14,9902.397581832938,0.0,1.0
2020-05-15,9902.397581832938,0.0,1.0
2020-05-18,9902.397581832938,0.0,1.0
2020-05-19,9902.397581832938,0.0,1.0
2020-05-20,9902.397581832938,0.0,1.0
2020-05-21,9902.397581832938,0.0,1.0
2020-05-22,9902.397581832938,0.0,1.0
2020-05-26,9902.397581832938,0.0,1.0
2020-05-27,9902.397581832938,0.0,1.0
2020-05-28,9902.397581832938,0.0,1.0
2020-05-29,9902.397581832938,0.0,1.0
2020-06-01,9902.397581832938,0.0,1.0
2020-06-02,9902.397581832938,0.0,1.0
2020-06-03,9902.397581832938,0.0,1.0
2020-06-04,9902.397581832938,0.0,1.0
2020-06-05,9902.397581832938,0.0,1.0
2020-06-08,9902.397581832938,0.0,1.0
2020-06-09,9902.397581832938,0.0,1.0
2020-06-10,9902.397581832938,0.0,1.0
2020-06-11,9902.397581832938,0.0,1.0
2020-06-12,9902.397581832938,0.0,1.0
2020-06-15,9902.397581832938,0.0,1.0
2020-06-16,9902.397581832938,0.0,1.0
2020-06-17,9902.397581832938,0.0,1.0
2020-06-18,9902.397581832938,0.0,1.0
2020-06-19,9902.397581832938,0.0,1.0
2020-06-22,9902.397581832938,0.0,1.0
2020-06-23,9902.397581832938,0.0,1.0
2020-06-24,9902.397581832938,0.0,1.0
2020-06-25,9902.397581832938,0.0,1.0
2020-06-26,9902.397581832938,0.0,1.0
2020-06-29,9902.397581832938,0.0,1.0
2020-06-30,9902.397581832938,0.0,1.0
2020-07-01,9902.397581832938,0.0,1.0
2020-07-02,9902.397581832938,0.0,1.0
2020-07-03,9902.397581832938,0.0,1.0
2020-07-06,9902.397581832938,0.0,1.0
2020-07-07,9902.397581832938,0.0,1.0
2020-07-08,9902.397581832938,0.0,1.0
2020-07-09,9902.397581832938,0.0,1.0
2020-07-10,9902.397581832938,0.0,1.0
2020-07-13,9902.397581832938,0.0,1.0
2020-07-14,9902.397581832938,0.0,1.0
2020-07-15,9902.397581832938,0.0,1.0
2020-07-16,9902.397581832938,0.0,1.0
2020-07-17,9902.397581832938,0.0,1.0
2020-07-20,9902.397581832938,0.0,1.0
2020-07-21,9902.397581832938,0.0,1.0
2020-07-22,9902.397581832938,0.0,1.0
2020-07-23,9902.397581832938,0.0,1.0
2020-07-24,9902.397581832938,0.0,1.0
2020-07-27,9902.397581832938,0.0,1.0
2020-07-28,9902.397581832938,0.0,1.0
2020-07-29,9902.397581832938,0.0,1.0
2020-07-30,9902.397581832938,0.0,1.0
2020-07-31,9902.397581832938,0.0,1.0
2020-08-03,9902.397581832938,0.0,1.0
2020-08-04,9902.397581832938,0.0,1.0
2020-08-05,9902.397581832938,0.0,1.0
2020-08-06,9902.397581832938,0.0,1.0
2020-08-07,9902.397581832938,0.0,1.0
2020-08-10,9902.397581832938,0.0,1.0
2020-08-11,9902.397581832938,0.0,1.0
2020-08-12,9902.397581832938,0.0,1.0
2020-08-13,9902.397581832938,0.0,1.0
2020-08-14,9902.397581832938,0.0,1.0
2020-08-17,9902.397581832938,0.0,1.0
2020-08-18,9902.397581832938,0.0,1.0
2020-08-19,9902.397581832938,0.0,1.0
2020-08-20,9902.397581832938,0.0,1.0
2020-08-21,9902.397581832938,0.0,1.0
2020-08-24,9902.397581832938,0.0,1.0
2020-08-25,9902.397581832938,0.0,1.0
2020-08-26,9902.397581832938,0.0,1.0
2020-08-27,9902.397581832938,0.0,1.0
2020-08-28,9902.397581832938,0.0,1.0
2020-08-31,9902.397581832938,0.0,1.0
2020-09-01,9902.397581832938,0.0,1.0
2020-09-02,9902.397581832938,0.0,1.0
2020-09-03,9902.397581832938,0.0,1.0
2020-09-04,9902.397581832938,0.0,1.0
2020-09-07,9902.397581832938,0.0,1.0
2020-09-08,9902.397581832938,0.0,1.0
2020-09-09,9902.397581832938,0.0,1.0
2020-09-10,9902.397581832938,0.0,1.0
2020-09-11,9902.397581832938,0.0,1.0
2020-09-14,9902.397581832938,0.0,1.0
2020-09-15,9902.397581832938,0.0,1.0
2020-09-16,9902.397581832938,0.0,1.0
2020-09-17,9902.397581832938,0.0,1.0
2020-09-18,9902.397581832938,0.0,1.0
2020-09-21,9902.397581832938,0.0,1.0
2020-09-22,9902.397581832938,0.0,1.0
2020-09-23,9902.397581832938,0.0,1.0
2020-09-24,9902.397581832938,0.0,1.0
2020-09-25,9902.397581832938,0.0,1.0
2020-09-28,9902.397581832938,0.0,1.0
2020-09-29,9902.397581832938,0.0,1.0
2020-09-30,9902.397581832938,0.0,1.0
2020-10-01,9902.397581832938,0.0,1.0
2020-10-05,9902.397581832938,0.0,1.0
2020-10-06,9902.397581832938,0.0,1.0
2020-10-07,9902.397581832938,0.0,1.0
2020-10-08,9902.397581832938,0.0,1.0
2020-10-09,9902.397581832938,0.0,1.0
2020-10-12,9902.397581832938,0.0,1.0
2020-10-13,9902.397581832938,0.0,1.0
2020-10-14,9902.397581832938,0.0,1.0
2020-10-15,9902.397581832938,0.0,1.0
2020-10-16,9902.397581832938,0.0,1.0
2020-10-19,9902.397581832938,0.0,1.0
2020-10-20,9902.397581832938,0.0,1.0
2020-10-21,9902.397581832938,0.0,1.0
2020-10-22,9902.397581832938,0.0,1.0
2020-10-23,9902.397581832938,0.0,1.0
2020-10-26,9902.397581832938,0.0,1.0
2020-10-27,9902.397581832938,0.0,1.0
2020-10-28,9902.397581832938,0.0,1.0
2020-10-29,9902.397581832938,0.0,1.0
2020-10-30,9902.397581832938,0.0,1.0
2020-11-02,9902.397581832938,0.0,1.0
2020-11-03,9902.397581832938,0.0,1.0
2020-11-04,9902.397581832938,0.0,1.0
2020-11-05,9902.397581832938,0.0,1.0
2020-11-06,9902.397581832938,0.0,1.0
2020-11-09,9902.397581832938,0.0,1.0
2020-11-10,9902.397581832938,0.0,1.0
2020-11-11,9902.397581832938,0.0,1.0
2020-11-12,9902.397581832938,0.0,1.0
2020-11-13,9902.397581832938,0.0,1.0
2020-11-14,9902.397581832938,0.0,1.0
2020-11-17,9902.397581832938,0.0,1.0
2020-11-18,9902.397581832938,0.0,1.0
2020-11-19,9902.397581832938,0.0,1.0
2020-11-20,9902.397581832938,0.0,1.0
2020-11-23,9902.397581832938,0.0,1.0
2020-11-24,9902.397581832938,0.0,1.0
2020-11-25,9902.397581832938,0.0,1.0
2020-11-26,9902.397581832938,0.0,1.0
2020-11-27,9902.397581832938,0.0,1.0
2020-12-01,9902.397581832938,0.0,1.0
2020-12-02,9902.397581832938,0.0,1.0
2020-12-03,9902.397581832938,0.0,1.0
2020-12-04,9902.397581832938,0.0,1.0
2020-12-07,9902.397581832938,0.0,1.0
2020-12-08,9902.397581832938,0.0,1.0
2020-12-09,9902.397581832938,0.0,1.0
2020-12-10,9902.397581832938,0.0,1.0
2020-12-11,9902.397581832938,0.0,1.0
2020-12-14,9902.397581832938,0.0,1.0
2020-12-15,9902.397581832938,0.0,1.0
2020-12-16,9902.397581832938,0.0,1.0
2020-12-17,9902.397581832938,0.0,1.0
2020-12-18,9902.397581832938,0.0,1.0
2020-12-21,9902.397581832938,0.0,1.0
2020-12-22,9902.397581832938,0.0,1.0
2020-12-23,9902.397581832938,0.0,1.0
2020-12-24,9902.397581832938,0.0,1.0
2020-12-28,9902.397581832938,0.0,1.0
2020-12-29,9902.397581832938,0.0,1.0
2020-12-30,9902.397581832938,0.0,1.0
2020-12-31,9902.397581832938,0.0,1.0
2021-01-01,9902.397581832938,0.0,1.0
2021-01-04,9902.397581832938,0.0,1.0
2021-01-05,9902.397581832938,0.0,1.0
2021-01-06,9902.397581832938,0.0,1.0
2021-01-07,9902.397581832938,0.0,1.0
2021-01-08,9902.397581832938,0.0,1.0
2021-01-11,9902.397581832938,0.0,1.0
2021-01-12,9902.397581832938,0.0,1.0
2021-01-13,9902.397581832938,0.0,1.0
2021-01-14,9902.397581832938,0.0,1.0
2021-01-15,9902.397581832938,0.0,1.0
2021-01-18,9902.397581832938,0.0,1.0
2021-01-19,9902.397581832938,0.0,1.0
2021-01-20,9902.397581832938,0.0,1.0
2021-01-21,9902.397581832938,0.0,1.0
2021-01-22,9902.397581832938,0.0,1.0
2021-01-25,9902.397581832938,0.0,1.0
2021-01-27,9902.397581832938,0.0,1.0
2021-01-28,9902.397581832938,0.0,1.0
2021-01-29,9902.397581832938,0.0,1.0
2021-02-01,9902.397581832938,0.0,1.0
2021-02-02,9902.397581832938,0.0,1.0
2021-02-03,9902.397581832938,0.0,1.0
2021-02-04,9902.397581832938,0.0,1.0
2021-02-05,9902.397581832938,0.0,1.0
2021-02-08,9902.397581832938,0.0,1.0
2021-02-09,9902.397581832938,0.0,1.0
2021-02-10,9902.397581832938,0.0,1.0
2021-02-11,9902.397581832938,0.0,1.0
2021-02-12,9902.397581832938,0.0,1.0
2021-02-15,9902.397581832938,0.0,1.0
2021-02-16,9902.397581832938,0.0,1.0
2021-02-17,9902.397581832938,0.0,1.0
2021-02-18,9902.397581832938,0.0,1.0
2021-02-19,9902.397581832938,0.0,1.0
2021-02-22,9902.397581832938,0.0,1.0
2021-02-23,9902.397581832938,0.0,1.0
2021-02-24,9902.397581832938,0.0,1.0
2021-02-25,9902.397581832938,0.0,1.0
2021-02-26,9902.397581832938,0.0,1.0
2021-03-01,7926.50882301027,-0.1995363993915633,0.8004636006084367
2021-03-02,8522.11444434816,0.07514097752706417,0.8606112180329881
2021-03-03,8334.836490246598,-0.021975526769153486,0.8416988331732704
2021-03-04,8271.38675269777,-0.007612595354819063,0.835291320545699
2021-03-05,8200.774325939958,-0.008536951404766735,0.8281604791333769
2021-03-08,8097.413333508317,-0.012603808899447233,0.8177225027163051
2021-03-09,7897.85403785402,-0.024644820195665496,0.7975698786669122
2021-03-10,7983.817721936051,0.010884435654294311,0.8062509766910655
2021-03-12,7915.252017590348,-0.008588084890429615,0.7993268248602509
2021-03-15,7844.638583752458,-0.008921185791806008,0.7921958817472982
2021-03-16,7837.4752231567545,-0.0009131536805965235,0.7914724851621272
2021-03-17,7699.319110485856,-0.017627629911058595,0.7775207011089034
2021-03-18,7625.635928723161,-0.009570090641176976,0.7700797575238997
2021-03-19,7619.495761486833,-0.0008052006801426703,0.7694596887793773
2021-03-22,7805.75052222902,0.024444499553844867,0.7882687457984464
2021-03-23,7775.048678967301,-0.003933233988748008,0.7851683003752042
2021-03-24,7691.132556530778,-0.01079300283527862,0.7766939766830838
2021-03-25,7618.472232434098,-0.009447285372162995,0.7693563270385186
2021-03-26,7556.046695324723,-0.008193970550107288,0.7630522439522263
2021-03-30,7559.116778942887,0.00040630818494857834,0.7633622783244874
2021-03-31,7562.211032482926,0.0004093406188219184,0.7636747535118821
2021-04-01,7603.469256970231,0.005455841460927591,0.7678412418947559
2021-04-05,7513.732043835465,-0.011802140588982102,0.7587790716078954
2021-04-06,7474.5369907348795,-0.005216456066295727,0.7548209339168281
2021-04-07,7494.134433361833,0.002621893857940094,0.7567999942873093
2021-04-08,7502.3861118286295,0.0011010849271748668,0.757633295353905
2021-04-09,7467.316897961442,-0.004674408027586785,0.7540918081961356
2021-04-12,7302.2833286255045,-0.022100785541991796,0.73742578686422
2021-04-13,7355.9190708130045,0.007345064519373556,0.7428422268469875
2021-04-15,7319.818439099137,-0.004907698326522936,0.73919658129342
2021-04-16,7316.723849865739,-0.00042276857809320223,0.7388840722058152
2021-04-19,7245.553165051286,-0.009727124635947382,0.7316968547439529
2021-04-20,7220.798297497575,-0.0034165600596397505,0.7291969684942706
2021-04-22,7209.452365490739,-0.0015712849936229123,0.7280511922402803
2021-04-23,7487.946094128434,0.03862897131698273,0.7561750608626251
2021-04-26,7431.215594860856,-0.007576243011693462,0.7504460948421477
2021-04-27,7503.417529675309,0.009716032847221445,0.7577374537497031
2021-04-28,7492.071765515153,-0.0015120795444588664,0.7565916944458179
2021-04-29,7463.190890881364,-0.00385485824718379,0.7536751407127327
2021-04-30,7457.001712414567,-0.0008292938713866382,0.7530501225375231
2021-05-03,7420.9010807007,-0.004841172512239922,0.7494044769839555
2021-05-04,7407.492145153825,-0.001806914740010157,0.7480503669882635
2021-05-05,7417.80699500734,0.001392488800715519,0.7490920187466659
2021-05-06,7398.208713146989,-0.002642058747759579,0.7471128736256594
2021-05-07,7468.348147961442,0.009480596930147689,0.7541959496418286
2021-05-10,7476.599994274919,0.001104909164649559,0.7550292676585294
2021-05-11,7593.154574963395,0.015589249227954793,0.7667996070864584
2021-05-12,7580.77672156984,-0.0016301332037105265,0.7655496215863546
2021-05-14,7538.487247082536,-0.005578514714327021,0.7612789917577877
2021-05-17,7587.997317883317,0.006567640055362922,0.7662787981573624
2021-05-18,7621.003696057145,0.004349814159269494,0.7696119685235353
2021-05-19,7694.237216564958,0.00960943248796764,0.777007502776994
2021-05-20,7637.506885144059,-0.007373093631525052,0.7712785537066218
2021-05-21,7664.324924084489,0.003511360361925675,0.7739867906481106
2021-05-24,7640.601474377458,-0.0030953084507785444,0.7715910627942265
2021-05-25,7626.160785290544,-0.0018899937570805436,0.7701327605025263
2021-05-26,7612.752185437028,-0.0017582372350944953,0.7687786844070447
2021-05-27,7589.028903576676,-0.0031162556303532263,0.7663829735032657
2021-05-28,7596.248996350114,0.0009513855942799854,0.7671120992239582
2021-05-31,7603.469256970231,0.0009505034160395276,0.7678412418947558
2021-06-01,7570.462375256364,-0.0043410291537128165,0.7645080206782676
2021-06-02,7571.493960949723,0.00013626455587845143,0.7646121960241709
2021-06-03,7645.758899304215,0.009808492054212303,0.7721118886734277
2021-06-04,7681.859866711442,0.004721698379805295,0.7757575681272054
2021-06-07,7786.036929699723,0.01356143756796735,0.7862779559552407
2021-06-08,7799.446200939958,0.001722220349236414,0.7876320998511429
2021-06-09,8102.6944614380045,0.038880742643176536,0.8182558208229599
2021-06-10,8132.606753918473,0.003691647589925351,0.8212765329518433
2021-06-11,8038.744205090348,-0.01154150835866985,0.8117977629820002
2021-06-14,7952.10208472902,-0.010778066592349589,0.8030481526330598
2021-06-15,8050.090640637223,0.012322346326058442,0.8129435900863059
2021-06-16,7994.3917270630045,-0.006919041792280978,0.8073187994117318
2021-06-17,7975.825870129411,-0.0023223601704108754,0.805443914387154
2021-06-18,7924.252627941911,-0.006466194601946973,0.8002357572957728
2021-06-21,7937.661899182145,0.0016921811898009675,0.8015899011916748
2021-06-22,8027.398440930192,0.011305160497865563,0.810652003678115
2021-06-23,7971.699191662614,-0.006938642659566785,0.8050271791033307
2021-06-24,7969.636691662614,-0.00025872777564872607,0.8048188962119445
2021-06-25,7990.265719982926,0.0025884527888069275,0.8069021319283288
2021-06-28,7925.283542248551,-0.008132667925155546,0.8003398648412556
2021-06-29,7885.057071301286,-0.005075713787755842,0.7962775687543903
2021-06-30,7863.396457287614,-0.002747045939909376,0.7940901576921026
2021-07-01,7837.6095005005045,-0.003279366228979952,0.7914860452462017
2021-07-02,7873.710635754411,0.004606141101008099,0.7951317416500846
2021-07-05,7895.371585461442,0.0027510472138345676,0.7973191866125825
2021-07-06,7901.561099621598,0.0007839420973616562,0.7979442386880022
2021-07-07,7884.025485607926,-0.002219259434001142,0.796173393408487
2021-07-08,7899.49759254152,0.0019624628258543275,0.7977358540959855
2021-07-09,7881.962314221208,-0.0022197966535072444,0.7959650427166804
2021-07-12,7868.553714367692,-0.001701175331595084,0.7946109666211988
2021-07-13,7908.780856701676,0.005112393432675111,0.7986733305084847
2021-07-14,8022.2408481567545,0.01434607855633474,0.8101311608488089
2021-07-15,8005.738498303239,-0.002057074845528639,0.8084646604162479
2021-07-16,7965.511020275895,-0.0050248303808411166,0.8044022626287519
2021-07-19,7919.095706555192,-0.005827035277781278,0.7997149822668871
2021-07-20,7889.182406994645,-0.003777363056211791,0.7966941684373731
2021-07-22,7885.057071301286,-0.0005229104209457658,0.7962775687543905
2021-07-23,7856.176364514176,-0.0036627137287597034,0.7933610319714104
2021-07-26,7878.868228527848,0.002888410717988732,0.7956525844793912
2021-07-27,7853.081607434098,-0.0032728839150250044,0.7930485059337006
2021-07-28,7826.263400646989,-0.003414991480761076,0.7903402520421067
2021-07-29,7820.07522926027,-0.0007906929616254832,0.7897153355675277
2021-07-30,7813.886386486833,-0.0007914045059670416,0.7890903512925282
2021-08-02,7824.201236340348,0.0013200665255836963,0.7901320030509306
2021-08-03,7804.603122326676,-0.0025048069983996113,0.788152874880029
2021-08-04,7758.187640759294,-0.005947193065410583,0.7834655775680591
2021-08-05,7733.433108898942,-0.003190762199447028,0.780965725218587
2021-08-06,7733.433108898942,0.0,0.780965725218587
2021-08-09,7734.463687512223,0.00013326275649760966,0.7810697988638597
2021-08-10,7642.664142224137,-0.01186889602136243,0.7717993626357181
2021-08-11,7646.790149304215,0.0005398650265531213,0.7722160301191211
2021-08-12,7726.212680432145,0.010386388220050335,0.7802365655976844
2021-08-13,7661.231006237809,-0.008410546911155059,0.7736743493609266
2021-08-16,7603.469256970231,-0.007539486698749598,0.7678412418947561
2021-08-17,7591.091571423356,-0.0016278997295251507,0.7665912733447574
2021-08-18,7573.556796643083,-0.002309914801486901,0.7648205128157677
2021-08-20,7524.046893688981,-0.006537206266947981,0.759820723366298
2021-08-23,7443.593112561051,-0.010692886722358463,0.7516960464420417
2021-08-24,7486.914172741715,0.00581991244356983,0.756070851616512
2021-08-25,7537.455493542497,0.00675062110165392,0.7611747994617799
2021-08-26,7529.2039829223795,-0.0010947342411754546,0.7603415153452893
2021-08-27,7521.984057995622,-0.0009589227417843293,0.7596124065747019
2021-08-30,7551.896182629411,0.0039766269647958374,0.7626331017534803
2021-08-31,7519.920886608903,-0.004234075157714234,0.7594040558828954
2021-09-01,7494.134433361833,-0.003429085709264479,0.7567999942873098
2021-09-02,7528.1727329223795,0.0045419921224014725,0.7602373738995962
2021-09-03,7615.846438977067,0.011646080551694915,0.76909115959444
2021-09-06,7694.237216564958,0.0102931142606415,0.7770075027769948
2021-09-07,7646.790149304215,-0.006166571932379905,0.7722160301191217
2021-09-08,7657.104831311051,0.001348890424013316,0.7732576649274189
2021-09-09,7632.34996375734,-0.003232927862301782,0.7707577786777366
2021-09-13,7565.305118176286,-0.00878429918693735,0.7639872117491722
2021-09-14,7668.450595471208,0.01363401418498067,0.7744034242313043
2021-09-15,7663.293506237809,-0.000672507329765426,0.7738826322523132
2021-09-16,7647.8219028442545,-0.0020189235060565913,0.7723202224151301
2021-09-17,7642.664142224137,-0.0006744090913255452,0.7717993626357188
2021-09-20,7704.552234265153,0.008097711856667411,0.7780491714855025
2021-09-21,7674.368701550309,-0.003917623217687516,0.7750010679867884
2021-09-22,7647.308124157731,-0.0035260981645449663,0.7722683381434398
2021-09-23,7634.818317028825,-0.0016332292260398118,0.7710070469232387
2021-09-24,7630.655215832536,-0.0005452783580983667,0.7705866334666102
2021-09-27,7607.757571789567,-0.003000744155686519,0.768274300129785
2021-09-28,7609.839206311051,0.00027361998615771377,0.7684845153331519
2021-09-29,7623.36966285402,0.0017780213452798233,0.7698508972049313
2021-09-30,7624.410144421403,0.00013648578166858272,0.7699559709064046
2021-10-01,7607.757571789567,-0.0021841129105600876,0.768274300129785
2021-10-04,7606.717090222184,-0.0001367658679399808,0.7681692264283118
2021-10-05,7608.798556896989,0.0002736353475640829,0.7683794246815735
2021-10-06,7719.123340222184,0.01449963256356579,0.7795206440088603
2021-10-07,7736.817065808122,0.00229219366061173,0.7813074562873734
2021-10-08,7811.753726574723,0.00968572219417907,0.7888749832572136
2021-10-11,7736.817065808122,-0.009592808911995654,0.7813074562873734
2021-10-12,7688.9401432007,-0.006188193697768574,0.7764725744103563
2021-10-13,7724.327426525895,0.004602361660532406,0.7800461820172775
2021-10-14,7743.061801525895,0.0024253729762495624,0.7819380849473688
2021-10-18,7847.141513439958,0.013441673924590392,0.7924486417144501
2021-10-19,7735.77591285402,-0.014191868516095885,0.7812023147854799
2021-10-20,7629.614398571794,-0.013723447457394067,0.7704815258649267
2021-10-21,7692.062259289567,0.008184930123003697,0.7767878633151963
2021-10-22,7798.2232700317545,0.013801371747086177,0.7875086013854341
2021-10-25,7673.327884289567,-0.016015877132186662,0.7748959603851048
2021-10-26,7687.899325939958,0.0018989728928726635,0.7763674668086726
2021-10-27,7666.042163464372,-0.002843060444592038,0.7741602071733208
2021-10-28,7623.36966285402,-0.005566431764975732,0.769850897204931
2021-10-29,7551.554614636247,-0.009420381195431538,0.7625986082896157
2021-11-01,7505.7591587036295,-0.0060643745916711955,0.7579739246658603
2021-11-02,7487.025119396989,-0.0024959552938648155,0.7560820556359791
2021-11-03,7452.678653332536,-0.0045874650500997705,0.7526135556307414
2021-11-04,7517.208148571794,0.0086585640198511,0.7591301082843779
2021-11-08,7522.4122348755045,0.0006922897704648712,0.759655646292795
2021-11-09,7547.391345593278,0.0033206250784774127,0.7621781778828819
2021-11-10,7561.962787243669,0.0019306593474708311,0.7636496843064497
2021-11-11,7586.941730114762,0.0033032353601674114,0.7661721989464315
2021-11-12,7564.043918225114,-0.003018055588691393,0.7638598486595013
2021-11-15,7526.575168225114,-0.004953534168372742,0.7600760427993184
2021-11-16,7520.33043250734,-0.0008296915367479452,0.759445414139323
2021-11-17,7514.085528942887,-0.0008304028154745291,0.7588147685292225
2021-11-18,7469.331393811051,-0.005956032169111114,0.7542952433574658
2021-11-22,7422.495456311051,-0.006270432389545277,0.7495654860322372
2021-11-23,7442.270648571794,0.0026642242325563004,0.7515624965640121
2021-11-24,7481.821200939958,0.005314312558057033,0.7555565345776669
2021-11-25,7469.331393811051,-0.0016693538636471938,0.7542952433574658
2021-11-26,7420.413653942887,-0.006549145738626083,0.7493552538787653
2021-11-29,7327.7825962036295,-0.012483274121792065,0.7400008468299917
2021-11-30,7387.107837292497,0.00809593356653382,0.745991844525106
2021-12-01,7438.107379528825,0.006903857823608028,0.7511420661572785
2021-12-02,7431.862643811051,-0.0008395597695941559,0.750511437497283
2021-12-03,7428.740192028825,-0.00042014390360489706,0.7501961146922328
2021-12-06,7379.82278785402,-0.006584885580908306,0.7452561591137424
2021-12-07,7410.005817028825,0.0040899395612157274,0.7483042117621415
2021-12-08,7426.65855750734,0.002247331633700833,0.7499858994888661
2021-12-09,7516.167163464372,0.012052338917150074,0.7590249837325895
2021-12-10,7495.350986096208,-0.0027695202774826733,0.7569228486490261
2021-12-13,7482.86185035402,-0.0016662509554729033,0.7556616252292454
2021-12-14,7463.086993786637,-0.0026426863094428654,0.7536646485976808
2021-12-15,7421.454806896989,-0.005578413721333941,0.7494603953806591
2021-12-16,7402.720264050309,-0.002524376060239475,0.7475684755004626
2021-12-17,7379.82278785402,-0.003093116500360815,0.7452561591137425
2021-12-20,7314.252139660661,-0.008885125033256669,0.7386344649582123
2021-12-21,7356.924975964372,0.005834203619030642,0.7429438088268122
2021-12-22,7361.0885807007,0.0005659436177385402,0.7433642731337561
2021-12-23,7369.414447399919,0.001131064598386633,0.744205066146803
2021-12-24,7351.72122535402,-0.0024008993078331597,0.7424183047186053
2021-12-27,7350.680240246598,-0.00014159746751984947,0.7423131801668167
2021-12-28,7363.169879528825,0.0016991133982189321,0.7435744544369126
2021-12-29,7367.333148571794,0.0005654180347711701,0.7439948848436464
2021-12-30,7365.25117835695,-0.0002825948240506859,0.7437846357400694
2021-12-31,7380.863269421403,0.0021196956745113127,0.7453612328152156
2022-01-03,7382.945239636247,0.0002820767895090892,0.7455714819187926
2022-01-04,7433.944110485856,0.006907659368217356,0.7507216357505446
2022-01-05,7439.148028942887,0.0007000211973198223,0.7512471568088566
2022-01-06,7432.903461071794,-0.0008394197624241873,0.7506165450989662
2022-01-07,7438.107379528825,0.0007001192043305515,0.7511420661572783
2022-01-10,7459.964374157731,0.0029385156080243835,0.7533493088425252
2022-01-11,7455.800769421403,-0.0005581266246728056,0.7529288445355813
2022-01-12,7419.3731723755045,-0.004885806122301384,0.7492501801772921
2022-01-13,7397.516177746598,-0.002945935474749528,0.7470429374920453
2022-01-14,7441.229831311051,0.005909233925834867,0.7514573889623286
2022-01-17,7473.494327160661,0.004335909060871668,0.7547156398639894
2022-01-18,7450.596850964372,-0.003063824657372649,0.7524033234772693
2022-01-19,7447.474567028825,-0.0004190649417761261,0.7520880176223241
2022-01-20,7453.811618420426,0.0008508993665661269,0.7527279688401209
2022-01-21,7432.687778088395,-0.0028339648777584436,0.7505947642139216
2022-01-24,7359.811435314958,-0.009804843812796449,0.7432352997841013
2022-01-25,7372.485370251481,0.0017220461485887295,0.7445151852695897
2022-01-27,7353.474383923356,-0.0025786400885697836,0.7425953485663046
2022-01-28,7371.429111096208,0.0024416658351467113,0.7444085182582378
2022-01-31,9892.867316430697,0.342055545448978,0.9990375800079249
2022-02-01,9892.867316430697,0.0,0.9990375800079249
2022-02-02,9892.867316430697,0.0,0.9990375800079249
2022-02-03,9892.867316430697,0.0,0.9990375800079249
2022-02-04,9892.867316430697,0.0,0.9990375800079249
2022-02-07,9892.867316430697,0.0,0.9990375800079249
2022-02-08,9892.867316430697,0.0,0.9990375800079249
2022-02-09,9892.867316430697,0.0,0.9990375800079249
2022-02-10,9892.867316430697,0.0,0.9990375800079249
2022-02-11,9892.867316430697,0.0,0.9990375800079249
2022-02-14,9892.867316430697,0.0,0.9990375800079249
2022-02-15,9892.867316430697,0.0,0.9990375800079249
2022-02-16,9892.867316430697,0.0,0.9990375800079249
2022-02-17,9892.867316430697,0.0,0.9990375800079249
2022-02-18,9892.867316430697,0.0,0.9990375800079249
2022-02-21,9892.867316430697,0.0,0.9990375800079249
2022-02-22,9892.867316430697,0.0,0.9990375800079249
2022-02-23,9892.867316430697,0.0,0.9990375800079249
2022-02-24,9892.867316430697,0.0,0.9990375800079249
2022-02-25,9892.867316430697,0.0,0.9990375800079249
2022-02-28,9892.867316430697,0.0,0.9990375800079249
2022-03-02,9892.867316430697,0.0,0.9990375800079249
2022-03-03,9892.867316430697,0.0,0.9990375800079249
2022-03-04,9892.867316430697,0.0,0.9990375800079249
2022-03-07,9892.867316430697,0.0,0.9990375800079249
2022-03-08,9892.867316430697,0.0,0.9990375800079249
2022-03-09,9892.867316430697,0.0,0.9990375800079249
2022-03-10,9892.867316430697,0.0,0.9990375800079249
2022-03-11,9892.867316430697,0.0,0.9990375800079249
2022-03-14,9892.867316430697,0.0,0.9990375800079249
2022-03-15,9892.867316430697,0.0,0.9990375800079249
2022-03-16,9892.867316430697,0.0,0.9990375800079249
2022-03-17,9892.867316430697,0.0,0.9990375800079249
2022-03-21,9892.867316430697,0.0,0.9990375800079249
2022-03-22,9892.867316430697,0.0,0.9990375800079249
2022-03-23,9892.867316430697,0.0,0.9990375800079249
2022-03-24,9892.867316430697,0.0,0.9990375800079249
2022-03-25,9892.867316430697,0.0,0.9990375800079249
2022-03-28,9892.867316430697,0.0,0.9990375800079249
2022-03-29,9892.867316430697,0.0,0.9990375800079249
2022-03-30,9892.867316430697,0.0,0.9990375800079249
2022-03-31,9892.867316430697,0.0,0.9990375800079249
2022-04-01,9892.867316430697,0.0,0.9990375800079249
2022-04-04,9892.867316430697,0.0,0.9990375800079249
2022-04-05,9892.867316430697,0.0,0.9990375800079249
2022-04-06,9892.867316430697,0.0,0.9990375800079249
2022-04-07,9892.867316430697,0.0,0.9990375800079249
2022-04-08,9892.867316430697,0.0,0.9990375800079249
2022-04-11,9892.867316430697,0.0,0.9990375800079249
2022-04-12,9892.867316430697,0.0,0.9990375800079249
2022-04-13,9892.867316430697,0.0,0.9990375800079249
2022-04-18,9892.867316430697,0.0,0.9990375800079249
2022-04-19,9892.867316430697,0.0,0.9990375800079249
2022-04-20,9892.867316430697,0.0,0.9990375800079249
2022-04-21,9892.867316430697,0.0,0.9990375800079249
2022-04-22,9892.867316430697,0.0,0.9990375800079249
2022-04-25,9892.867316430697,0.0,0.9990375800079249
2022-04-26,9892.867316430697,0.0,0.9990375800079249
2022-04-27,9892.867316430697,0.0,0.9990375800079249
2022-04-28,9892.867316430697,0.0,0.9990375800079249
2022-04-29,9892.867316430697,0.0,0.9990375800079249
2022-05-02,9892.867316430697,0.0,0.9990375800079249
2022-05-04,9892.867316430697,0.0,0.9990375800079249
2022-05-05,9892.867316430697,0.0,0.9990375800079249
2022-05-06,9892.867316430697,0.0,0.9990375800079249
2022-05-09,9892.867316430697,0.0,0.9990375800079249
2022-05-10,9892.867316430697,0.0,0.9990375800079249
2022-05-11,9892.867316430697,0.0,0.9990375800079249
2022-05-12,9892.867316430697,0.0,0.9990375800079249
2022-05-13,9892.867316430697,0.0,0.9990375800079249
2022-05-16,9892.867316430697,0.0,0.9990375800079249
2022-05-17,9892.867316430697,0.0,0.9990375800079249
2022-05-18,9892.867316430697,0.0,0.9990375800079249
2022-05-19,9892.867316430697,0.0,0.9990375800079249
2022-05-20,9892.867316430697,0.0,0.9990375800079249
2022-05-23,9892.867316430697,0.0,0.9990375800079249
2022-05-24,9892.867316430697,0.0,0.9990375800079249
2022-05-25,9892.867316430697,0.0,0.9990375800079249
2022-05-26,9892.867316430697,0.0,0.9990375800079249
2022-05-27,9892.867316430697,0.0,0.9990375800079249
2022-05-30,9892.867316430697,0.0,0.9990375800079249
2022-05-31,9892.867316430697,0.0,0.9990375800079249
2022-06-01,9892.867316430697,0.0,0.9990375800079249
2022-06-02,9892.867316430697,0.0,0.9990375800079249
2022-06-03,9892.867316430697,0.0,0.9990375800079249
2022-06-06,9892.867316430697,0.0,0.9990375800079249
2022-06-07,9892.867316430697,0.0,0.9990375800079249
2022-06-08,9892.867316430697,0.0,0.9990375800079249
2022-06-09,9892.867316430697,0.0,0.9990375800079249
2022-06-10,9892.867316430697,0.0,0.9990375800079249
2022-06-13,9892.867316430697,0.0,0.9990375800079249
2022-06-14,9892.867316430697,0.0,0.9990375800079249
2022-06-15,9892.867316430697,0.0,0.9990375800079249
2022-06-16,9892.867316430697,0.0,0.9990375800079249
2022-06-17,9892.867316430697,0.0,0.9990375800079249
2022-06-20,9892.867316430697,0.0,0.9990375800079249
2022-06-21,9892.867316430697,0.0,0.9990375800079249
2022-06-22,9892.867316430697,0.0,0.9990375800079249
2022-06-23,9892.867316430697,0.0,0.9990375800079249
2022-06-24,9892.867316430697,0.0,0.9990375800079249
2022-06-27,9892.867316430697,0.0,0.9990375800079249
2022-06-28,9892.867316430697,0.0,0.9990375800079249
2022-06-29,9892.867316430697,0.0,0.9990375800079249
2022-06-30,9892.867316430697,0.0,0.9990375800079249
2022-07-01,9892.867316430697,0.0,0.9990375800079249
2022-07-04,9892.867316430697,0.0,0.9990375800079249
2022-07-05,9892.867316430697,0.0,0.9990375800079249
2022-07-06,9892.867316430697,0.0,0.9990375800079249
2022-07-07,9892.867316430697,0.0,0.9990375800079249
2022-07-08,9892.867316430697,0.0,0.9990375800079249
2022-07-11,9892.867316430697,0.0,0.9990375800079249
2022-07-12,9892.867316430697,0.0,0.9990375800079249
2022-07-13,9892.867316430697,0.0,0.9990375800079249
2022-07-14,9892.867316430697,0.0,0.9990375800079249
2022-07-15,9892.867316430697,0.0,0.9990375800079249
2022-07-18,9892.867316430697,0.0,0.9990375800079249
2022-07-19,9892.867316430697,0.0,0.9990375800079249
2022-07-20,9892.867316430697,0.0,0.9990375800079249
2022-07-21,9892.867316430697,0.0,0.9990375800079249
2022-07-22,9892.867316430697,0.0,0.9990375800079249
2022-07-25,9892.867316430697,0.0,0.9990375800079249
2022-07-26,9892.867316430697,0.0,0.9990375800079249
2022-07-27,9892.867316430697,0.0,0.9990375800079249
2022-07-28,9892.867316430697,0.0,0.9990375800079249
2022-07-29,9892.867316430697,0.0,0.9990375800079249
2022-08-01,9892.867316430697,0.0,0.9990375800079249
2022-08-02,9892.867316430697,0.0,0.9990375800079249
2022-08-03,9892.867316430697,0.0,0.9990375800079249
2022-08-04,9892.867316430697,0.0,0.9990375800079249
2022-08-05,9892.867316430697,0.0,0.9990375800079249
2022-08-08,9892.867316430697,0.0,0.9990375800079249
2022-08-10,9892.867316430697,0.0,0.9990375800079249
2022-08-11,9892.867316430697,0.0,0.9990375800079249
2022-08-12,9892.867316430697,0.0,0.9990375800079249
2022-08-16,9892.867316430697,0.0,0.9990375800079249
2022-08-17,9892.867316430697,0.0,0.9990375800079249
2022-08-18,9892.867316430697,0.0,0.9990375800079249
2022-08-19,9892.867316430697,0.0,0.9990375800079249
2022-08-22,9892.867316430697,0.0,0.9990375800079249
2022-08-23,9892.867316430697,0.0,0.9990375800079249
2022-08-24,9892.867316430697,0.0,0.9990375800079249
2022-08-25,9892.867316430697,0.0,0.9990375800079249
2022-08-26,9892.867316430697,0.0,0.9990375800079249
2022-08-29,9892.867316430697,0.0,0.9990375800079249
2022-08-30,9892.867316430697,0.0,0.9990375800079249
2022-09-01,9892.867316430697,0.0,0.9990375800079249
2022-09-02,9892.867316430697,0.0,0.9990375800079249
2022-09-05,9892.867316430697,0.0,0.9990375800079249
2022-09-06,9892.867316430697,0.0,0.9990375800079249
2022-09-07,9892.867316430697,0.0,0.9990375800079249
2022-09-08,9892.867316430697,0.0,0.9990375800079249
2022-09-09,9892.867316430697,0.0,0.9990375800079249
2022-09-12,9892.867316430697,0.0,0.9990375800079249
2022-09-13,9892.867316430697,0.0,0.9990375800079249
2022-09-14,9892.867316430697,0.0,0.9990375800079249
2022-09-15,9892.867316430697,0.0,0.9990375800079249
2022-09-16,9892.867316430697,0.0,0.9990375800079249
2022-09-19,9892.867316430697,0.0,0.9990375800079249
2022-09-20,9892.867316430697,0.0,0.9990375800079249
2022-09-21,9892.867316430697,0.0,0.9990375800079249
2022-09-22,9892.867316430697,0.0,0.9990375800079249
2022-09-23,9892.867316430697,0.0,0.9990375800079249
2022-09-26,9892.867316430697,0.0,0.9990375800079249
2022-09-27,9892.867316430697,0.0,0.9990375800079249
2022-09-28,9892.867316430697,0.0,0.9990375800079249
2022-09-29,9892.867316430697,0.0,0.9990375800079249
2022-09-30,9892.867316430697,0.0,0.9990375800079249
2022-10-03,9892.867316430697,0.0,0.9990375800079249
2022-10-04,9892.867316430697,0.0,0.9990375800079249
2022-10-06,9892.867316430697,0.0,0.9990375800079249
2022-10-07,9892.867316430697,0.0,0.9990375800079249
2022-10-10,9892.867316430697,0.0,0.9990375800079249
2022-10-11,9892.867316430697,0.0,0.9990375800079249
2022-10-12,9892.867316430697,0.0,0.9990375800079249
2022-10-13,9892.867316430697,0.0,0.9990375800079249
2022-10-14,9892.867316430697,0.0,0.9990375800079249
2022-10-17,9892.867316430697,0.0,0.9990375800079249
2022-10-18,9892.867316430697,0.0,0.9990375800079249
2022-10-19,9892.867316430697,0.0,0.9990375800079249
2022-10-20,9892.867316430697,0.0,0.9990375800079249
2022-10-21,9892.867316430697,0.0,0.9990375800079249
2022-10-24,9892.867316430697,0.0,0.9990375800079249
2022-10-25,9892.867316430697,0.0,0.9990375800079249
2022-10-27,9892.867316430697,0.0,0.9990375800079249
2022-10-28,9892.867316430697,0.0,0.9990375800079249
2022-10-31,9892.867316430697,0.0,0.9990375800079249
2022-11-01,9892.867316430697,0.0,0.9990375800079249
2022-11-02,9892.867316430697,0.0,0.9990375800079249
2022-11-03,9892.867316430697,0.0,0.9990375800079249
2022-11-04,9892.867316430697,0.0,0.9990375800079249
2022-11-07,9892.867316430697,0.0,0.9990375800079249
2022-11-09,9892.867316430697,0.0,0.9990375800079249
2022-11-10,9892.867316430697,0.0,0.9990375800079249
2022-11-11,9892.867316430697,0.0,0.9990375800079249
2022-11-14,9892.867316430697,0.0,0.9990375800079249
2022-11-15,9892.867316430697,0.0,0.9990375800079249
2022-11-16,9892.867316430697,0.0,0.9990375800079249
2022-11-17,9892.867316430697,0.0,0.9990375800079249
2022-11-18,9892.867316430697,0.0,0.9990375800079249
2022-11-21,9892.867316430697,0.0,0.9990375800079249
2022-11-22,9892.867316430697,0.0,0.9990375800079249
2022-11-23,9892.867316430697,0.0,0.9990375800079249
2022-11-24,9892.867316430697,0.0,0.9990375800079249
2022-11-25,9892.867316430697,0.0,0.9990375800079249
2022-11-28,9892.867316430697,0.0,0.9990375800079249
2022-11-29,9892.867316430697,0.0,0.9990375800079249
2022-11-30,9892.867316430697,0.0,0.9990375800079249
2022-12-01,9892.867316430697,0.0,0.9990375800079249
2022-12-02,9892.867316430697,0.0,0.9990375800079249
2022-12-05,9892.867316430697,0.0,0.9990375800079249
2022-12-06,9892.867316430697,0.0,0.9990375800079249
2022-12-07,9892.867316430697,0.0,0.9990375800079249
2022-12-08,9892.867316430697,0.0,0.9990375800079249
2022-12-09,9892.867316430697,0.0,0.9990375800079249
2022-12-12,9892.867316430697,0.0,0.9990375800079249
2022-12-13,9892.867316430697,0.0,0.9990375800079249
2022-12-14,9892.867316430697,0.0,0.9990375800079249
2022-12-15,9892.867316430697,0.0,0.9990375800079249
2022-12-16,9892.867316430697,0.0,0.9990375800079249
2022-12-19,9892.867316430697,0.0,0.9990375800079249
2022-12-20,9892.867316430697,0.0,0.9990375800079249
2022-12-21,9892.867316430697,0.0,0.9990375800079249
2022-12-22,9892.867316430697,0.0,0.9990375800079249
2022-12-23,9892.867316430697,0.0,0.9990375800079249
2022-12-26,9892.867316430697,0.0,0.9990375800079249
2022-12-27,9892.867316430697,0.0,0.9990375800079249
2022-12-28,9892.867316430697,0.0,0.9990375800079249
2022-12-29,9892.867316430697,0.0,0.9990375800079249
2022-12-30,9892.867316430697,0.0,0.9990375800079249
2023-01-02,9892.867316430697,0.0,0.9990375800079249
2023-01-03,9892.867316430697,0.0,0.9990375800079249
2023-01-04,9892.867316430697,0.0,0.9990375800079249
2023-01-05,9892.867316430697,0.0,0.9990375800079249
2023-01-06,9892.867316430697,0.0,0.9990375800079249
2023-01-09,9892.867316430697,0.0,0.9990375800079249
2023-01-10,9892.867316430697,0.0,0.9990375800079249
2023-01-11,9892.867316430697,0.0,0.9990375800079249
2023-01-12,9892.867316430697,0.0,0.9990375800079249
2023-01-13,9892.867316430697,0.0,0.9990375800079249
2023-01-16,9892.867316430697,0.0,0.9990375800079249
2023-01-17,9892.867316430697,0.0,0.9990375800079249
2023-01-18,9892.867316430697,0.0,0.9990375800079249
2023-01-19,9892.867316430697,0.0,0.9990375800079249
2023-01-20,9892.867316430697,0.0,0.9990375800079249
2023-01-23,9892.867316430697,0.0,0.9990375800079249
2023-01-24,9892.867316430697,0.0,0.9990375800079249
2023-01-25,9892.867316430697,0.0,0.9990375800079249
2023-01-27,9892.867316430697,0.0,0.9990375800079249
2023-01-30,9892.867316430697,0.0,0.9990375800079249
2023-01-31,9892.867316430697,0.0,0.9990375800079249
2023-02-01,9892.867316430697,0.0,0.9990375800079249
2023-02-02,9892.867316430697,0.0,0.9990375800079249
2023-02-03,9892.867316430697,0.0,0.9990375800079249
2023-02-06,9892.867316430697,0.0,0.9990375800079249
2023-02-07,9892.867316430697,0.0,0.9990375800079249
2023-02-08,9892.867316430697,0.0,0.9990375800079249
2023-02-09,9892.867316430697,0.0,0.9990375800079249
2023-02-10,9892.867316430697,0.0,0.9990375800079249
2023-02-13,9892.867316430697,0.0,0.9990375800079249
2023-02-14,9892.867316430697,0.0,0.9990375800079249
2023-02-15,9892.867316430697,0.0,0.9990375800079249
2023-02-16,9892.867316430697,0.0,0.9990375800079249
2023-02-17,9892.867316430697,0.0,0.9990375800079249
2023-02-20,9892.867316430697,0.0,0.9990375800079249
2023-02-21,9892.867316430697,0.0,0.9990375800079249
2023-02-22,9892.867316430697,0.0,0.9990375800079249
2023-02-23,9892.867316430697,0.0,0.9990375800079249
2023-02-24,9892.867316430697,0.0,0.9990375800079249
2023-02-27,9892.867316430697,0.0,0.9990375800079249
2023-02-28,9892.867316430697,0.0,0.9990375800079249
2023-03-01,9892.867316430697,0.0,0.9990375800079249
2023-03-02,9892.867316430697,0.0,0.9990375800079249
2023-03-03,9892.867316430697,0.0,0.9990375800079249
2023-03-06,9892.867316430697,0.0,0.9990375800079249
2023-03-08,9892.867316430697,0.0,0.9990375800079249
2023-03-09,9892.867316430697,0.0,0.9990375800079249
2023-03-10,9892.867316430697,0.0,0.9990375800079249
2023-03-13,9892.867316430697,0.0,0.9990375800079249
2023-03-14,9892.867316430697,0.0,0.9990375800079249
2023-03-15,9892.867316430697,0.0,0.9990375800079249
2023-03-16,9892.867316430697,0.0,0.9990375800079249
2023-03-17,9892.867316430697,0.0,0.9990375800079249
2023-03-20,9892.867316430697,0.0,0.9990375800079249
2023-03-21,9892.867316430697,0.0,0.9990375800079249
2023-03-22,9892.867316430697,0.0,0.9990375800079249
2023-03-23,9892.867316430697,0.0,0.9990375800079249
2023-03-24,9892.867316430697,0.0,0.9990375800079249
2023-03-27,9892.867316430697,0.0,0.9990375800079249
2023-03-28,9892.867316430697,0.0,0.9990375800079249
2023-03-29,9892.867316430697,0.0,0.9990375800079249
2023-03-31,9892.867316430697,0.0,0.9990375800079249
2023-04-03,9892.867316430697,0.0,0.9990375800079249
2023-04-05,9892.867316430697,0.0,0.9990375800079249
2023-04-06,9892.867316430697,0.0,0.9990375800079249
2023-04-10,9892.867316430697,0.0,0.9990375800079249
2023-04-11,9892.867316430697,0.0,0.9990375800079249
2023-04-12,9892.867316430697,0.0,0.9990375800079249
2023-04-13,9892.867316430697,0.0,0.9990375800079249
2023-04-17,9892.867316430697,0.0,0.9990375800079249
2023-04-18,9892.867316430697,0.0,0.9990375800079249
2023-04-19,9892.867316430697,0.0,0.9990375800079249
2023-04-20,9892.867316430697,0.0,0.9990375800079249
2023-04-21,9892.867316430697,0.0,0.9990375800079249
2023-04-24,9892.867316430697,0.0,0.9990375800079249
2023-04-25,9892.867316430697,0.0,0.9990375800079249
2023-04-26,9892.867316430697,0.0,0.9990375800079249
2023-04-27,9892.867316430697,0.0,0.9990375800079249
2023-04-28,9892.867316430697,0.0,0.9990375800079249
2023-05-02,9892.867316430697,0.0,0.9990375800079249
2023-05-03,9892.867316430697,0.0,0.9990375800079249
2023-05-04,9892.867316430697,0.0,0.9990375800079249
2023-05-05,9892.867316430697,0.0,0.9990375800079249
2023-05-08,9892.867316430697,0.0,0.9990375800079249
2023-05-09,9892.867316430697,0.0,0.9990375800079249
2023-05-10,9892.867316430697,0.0,0.9990375800079249
2023-05-11,9892.867316430697,0.0,0.9990375800079249
2023-05-12,9892.867316430697,0.0,0.9990375800079249
2023-05-15,9892.867316430697,0.0,0.9990375800079249
2023-05-16,9892.867316430697,0.0,0.9990375800079249
2023-05-17,9892.867316430697,0.0,0.9990375800079249
2023-05-18,9892.867316430697,0.0,0.9990375800079249
2023-05-19,9892.867316430697,0.0,0.9990375800079249
2023-05-22,9892.867316430697,0.0,0.9990375800079249
2023-05-23,9892.867316430697,0.0,0.9990375800079249
2023-05-24,9892.867316430697,0.0,0.9990375800079249
2023-05-25,9892.867316430697,0.0,0.9990375800079249
2023-05-26,9892.867316430697,0.0,0.9990375800079249
2023-05-29,9892.867316430697,0.0,0.9990375800079249
2023-05-30,9892.867316430697,0.0,0.9990375800079249
2023-05-31,9892.867316430697,0.0,0.9990375800079249
2023-06-01,9892.867316430697,0.0,0.9990375800079249
2023-06-02,9892.867316430697,0.0,0.9990375800079249
2023-06-05,9892.867316430697,0.0,0.9990375800079249
2023-06-06,9892.867316430697,0.0,0.9990375800079249
2023-06-07,9892.867316430697,0.0,0.9990375800079249
2023-06-08,9892.867316430697,0.0,0.9990375800079249
2023-06-09,9892.867316430697,0.0,0.9990375800079249
2023-06-12,9892.867316430697,0.0,0.9990375800079249
2023-06-13,9892.867316430697,0.0,0.9990375800079249
2023-06-14,9892.867316430697,0.0,0.9990375800079249
2023-06-15,9892.867316430697,0.0,0.9990375800079249
2023-06-16,9892.867316430697,0.0,0.9990375800079249
2023-06-19,9892.867316430697,0.0,0.9990375800079249
2023-06-20,9892.867316430697,0.0,0.9990375800079249
2023-06-21,9892.867316430697,0.0,0.9990375800079249
2023-06-22,9892.867316430697,0.0,0.9990375800079249
2023-06-23,9892.867316430697,0.0,0.9990375800079249
2023-06-26,9892.867316430697,0.0,0.9990375800079249
2023-06-27,9892.867316430697,0.0,0.9990375800079249
2023-06-28,9892.867316430697,0.0,0.9990375800079249
2023-06-30,9892.867316430697,0.0,0.9990375800079249
2023-07-03,9892.867316430697,0.0,0.9990375800079249
2023-07-04,9892.867316430697,0.0,0.9990375800079249
2023-07-05,9892.867316430697,0.0,0.9990375800079249
2023-07-06,9892.867316430697,0.0,0.9990375800079249
2023-07-07,9892.867316430697,0.0,0.9990375800079249
2023-07-10,9892.867316430697,0.0,0.9990375800079249
2023-07-11,9892.867316430697,0.0,0.9990375800079249
2023-07-12,9892.867316430697,0.0,0.9990375800079249
2023-07-13,9892.867316430697,0.0,0.9990375800079249
2023-07-14,9892.867316430697,0.0,0.9990375800079249
2023-07-17,9892.867316430697,0.0,0.9990375800079249
2023-07-18,9892.867316430697,0.0,0.9990375800079249
2023-07-19,9892.867316430697,0.0,0.9990375800079249
2023-07-20,9892.867316430697,0.0,0.9990375800079249
2023-07-21,9892.867316430697,0.0,0.9990375800079249
2023-07-24,9892.867316430697,0.0,0.9990375800079249
2023-07-25,9892.867316430697,0.0,0.9990375800079249
2023-07-26,9892.867316430697,0.0,0.9990375800079249
2023-07-27,9892.867316430697,0.0,0.9990375800079249
2023-07-28,9892.867316430697,0.0,0.9990375800079249
2023-07-31,9892.867316430697,0.0,0.9990375800079249
2023-08-01,9892.867316430697,0.0,0.9990375800079249
2023-08-02,9892.867316430697,0.0,0.9990375800079249
2023-08-03,9892.867316430697,0.0,0.9990375800079249
2023-08-04,9892.867316430697,0.0,0.9990375800079249
2023-08-07,9892.867316430697,0.0,0.9990375800079249
2023-08-08,9892.867316430697,0.0,0.9990375800079249
2023-08-09,9892.867316430697,0.0,0.9990375800079249
2023-08-10,9892.867316430697,0.0,0.9990375800079249
2023-08-11,9892.867316430697,0.0,0.9990375800079249
2023-08-14,9892.867316430697,0.0,0.9990375800079249
2023-08-16,9892.867316430697,0.0,0.9990375800079249
2023-08-17,9892.867316430697,0.0,0.9990375800079249
2023-08-18,9892.867316430697,0.0,0.9990375800079249
2023-08-21,9892.867316430697,0.0,0.9990375800079249
2023-08-22,9892.867316430697,0.0,0.9990375800079249
2023-08-23,9892.867316430697,0.0,0.9990375800079249
2023-08-24,9892.867316430697,0.0,0.9990375800079249
2023-08-25,9892.867316430697,0.0,0.9990375800079249
2023-08-28,9892.867316430697,0.0,0.9990375800079249
2023-08-29,9892.867316430697,0.0,0.9990375800079249
2023-08-30,9892.867316430697,0.0,0.9990375800079249
2023-08-31,9892.867316430697,0.0,0.9990375800079249
2023-09-01,9892.867316430697,0.0,0.9990375800079249
2023-09-04,9892.867316430697,0.0,0.9990375800079249
2023-09-05,9892.867316430697,0.0,0.9990375800079249
2023-09-06,9892.867316430697,0.0,0.9990375800079249
2023-09-07,9892.867316430697,0.0,0.9990375800079249
2023-09-08,9892.867316430697,0.0,0.9990375800079249
2023-09-11,9892.867316430697,0.0,0.9990375800079249
2023-09-12,9892.867316430697,0.0,0.9990375800079249
2023-09-13,9892.867316430697,0.0,0.9990375800079249
2023-09-14,9892.867316430697,0.0,0.9990375800079249
2023-09-15,9892.867316430697,0.0,0.9990375800079249
2023-09-18,9892.867316430697,0.0,0.9990375800079249
2023-09-20,9892.867316430697,0.0,0.9990375800079249
2023-09-21,9892.867316430697,0.0,0.9990375800079249
2023-09-22,9892.867316430697,0.0,0.9990375800079249
2023-09-25,9892.867316430697,0.0,0.9990375800079249
2023-09-26,9892.867316430697,0.0,0.9990375800079249
2023-09-27,9892.867316430697,0.0,0.9990375800079249
2023-09-28,9892.867316430697,0.0,0.9990375800079249
2023-09-29,9892.867316430697,0.0,0.9990375800079249
2023-10-03,9892.867316430697,0.0,0.9990375800079249
2023-10-04,9892.867316430697,0.0,0.9990375800079249
2023-10-05,9892.867316430697,0.0,0.9990375800079249
2023-10-06,9892.867316430697,0.0,0.9990375800079249
2023-10-09,9892.867316430697,0.0,0.9990375800079249
2023-10-10,9892.867316430697,0.0,0.9990375800079249
2023-10-11,9892.867316430697,0.0,0.9990375800079249
2023-10-12,9892.867316430697,0.0,0.9990375800079249
2023-10-13,9892.867316430697,0.0,0.9990375800079249
2023-10-16,9892.867316430697,0.0,0.9990375800079249
2023-10-17,9892.867316430697,0.0,0.9990375800079249
2023-10-18,9892.867316430697,0.0,0.9990375800079249
2023-10-19,9892.867316430697,0.0,0.9990375800079249
2023-10-20,9892.867316430697,0.0,0.9990375800079249
2023-10-23,9892.867316430697,0.0,0.9990375800079249
2023-10-25,9892.867316430697,0.0,0.9990375800079249
2023-10-26,9892.867316430697,0.0,0.9990375800079249
2023-10-27,9892.867316430697,0.0,0.9990375800079249
2023-10-30,9892.867316430697,0.0,0.9990375800079249
2023-10-31,9892.867316430697,0.0,0.9990375800079249
2023-11-01,9892.867316430697,0.0,0.9990375800079249
2023-11-02,9892.867316430697,0.0,0.9990375800079249
2023-11-03,9892.867316430697,0.0,0.9990375800079249
2023-11-06,9892.867316430697,0.0,0.9990375800079249
2023-11-07,9892.867316430697,0.0,0.9990375800079249
2023-11-08,9892.867316430697,0.0,0.9990375800079249
2023-11-09,9892.867316430697,0.0,0.9990375800079249
2023-11-10,9892.867316430697,0.0,0.9990375800079249
2023-11-13,9892.867316430697,0.0,0.9990375800079249
2023-11-15,9892.867316430697,0.0,0.9990375800079249
2023-11-16,9892.867316430697,0.0,0.9990375800079249
2023-11-17,9892.867316430697,0.0,0.9990375800079249
2023-11-20,9892.867316430697,0.0,0.9990375800079249
2023-11-21,9892.867316430697,0.0,0.9990375800079249
2023-11-22,9892.867316430697,0.0,0.9990375800079249
2023-11-23,9892.867316430697,0.0,0.9990375800079249
2023-11-24,9892.867316430697,0.0,0.9990375800079249
2023-11-28,9892.867316430697,0.0,0.9990375800079249
2023-11-29,9892.867316430697,0.0,0.9990375800079249
2023-11-30,3526.200164794922,-0.6435613607251776,0.3560955956024363
2023-12-01,3388.5,-0.0390505808971654,0.3421898557392391
2023-12-04,3485.700164794922,0.028685307597734022,0.3520056770079434
2023-12-05,3404.6999588012695,-0.02323785815307433,0.3438258190165559
2023-12-06,3464.100082397461,0.017446507567470126,0.34982437876991984
2023-12-07,3466.799835205078,0.0007793518499468188,0.3500970150466707
2023-12-08,3825.899917602539,0.10358258320853375,0.3863609682388017
2023-12-11,4590.0,0.19971773931720516,0.4635241073758617
2023-12-12,5499.899917602539,0.19823527616613057,0.5554109368111748
2023-12-13,6048.0,0.09965637386295989,0.610761176777606
2023-12-14,6496.200164794921,0.07410717010498025,0.656022959198582
2023-12-15,5848.200164794921,-0.09975062091093323,0.5905842616866956
2023-12-18,5980.5,0.02262231652081592,0.6039446457867844
2023-12-19,6072.299835205079,0.015349859577807656,0.6132151112923804
2023-12-20,5667.299835205079,-0.06669631128093367,0.5723159253474513
2023-12-21,5934.600082397461,0.047165361806326356,0.5993094130339863
2023-12-22,5931.899917602539,-0.00045498681586497725,0.599036735152432
2023-12-26,5505.299835205079,-0.07191626432056808,0.5559562509694796
2023-12-27,5389.200164794921,-0.021088709767945524,0.5442318509491092
2023-12-28,5254.200164794921,-0.025050099434400397,0.5305987889674663
2023-12-29,5551.200164794921,0.05652620583243273,0.5605915253270808
2024-01-01,5651.100082397461,0.01799609357199805,0.5706799828725361
2024-01-02,5589.0,-0.010989025409565034,0.5644087660400197
2024-01-03,5497.200164794921,-0.016425091287364246,0.5551383005344237
2024-01-04,5637.600082397461,0.025540259294483558,0.5693166766743718
2024-01-05,5675.399917602539,0.006704951513517576,0.5731339173873105
2024-01-08,5610.600082397461,-0.011417668560077754,0.5665900642780431
2024-01-09,5578.200164794921,-0.005774768674778774,0.5633181377234094
2024-01-10,5551.200164794921,-0.00484027091218453,0.5605915253270809
2024-01-11,5583.600082397461,0.005836560859040274,0.5638634518817146
2024-01-12,5980.5,0.07108315634097484,0.6039446457867843
2024-01-15,5980.5,0.0,0.6039446457867843
2024-01-16,6453.0,0.07900677200902928,0.6516603627225347
2024-01-17,6706.799835205079,0.0393305183953323,0.6772905026061022
2024-01-18,6644.700164794921,-0.009259210344132685,0.671019327378389
2024-01-19,7308.900329589844,0.09995938843320595,0.738094008969994
2024-01-23,8318.700164794922,0.13816029630571602,0.8400692959507622
2024-01-24,8734.5,0.04998375070239458,0.8820591102123012
2024-01-25,9169.200164794922,0.04976817960901281,0.9259575864351131
2024-01-29,3779.6992950439453,-0.5877830969863573,0.38169536860226966
2024-01-30,3705.2537536621094,-0.019696154527279797,0.37417743763993233
2024-01-31,3837.1920318603516,0.03560843250420853,0.38750130967273155
2024-02-01,3862.3284606933594,0.006550735179344347,0.39003972813404675
2024-02-02,3982.5486450195312,0.03112634918279067,0.40218024090710786
2024-02-05,4076.0502014160156,0.023477819037669434,0.4116225558236512
2024-02-06,4093.7390747070312,0.004339709379651557,0.41340887809003524
2024-02-07,3999.3785552978516,-0.02304995938607357,0.4038798202402177
2024-02-08,3928.2077026367188,-0.017795477891647704,0.39669258582825023
2024-02-09,3755.169677734375,-0.04405012107333228,0.37921822939362254
2024-02-12,3583.3016967773438,-0.04576836620089164,0.3618620306006815
2024-02-13,3504.402313232422,-0.02201862701538093,0.3538943255178567
2024-02-14,3603.2657775878906,0.028211219922485986,0.36387811616436083
2024-02-15,3733.1756286621094,0.03605336355765121,0.3769971461771078
2024-02-16,3709.8763427734375,-0.006241143789161074,0.3746442527797131
2024-02-19,3746.388885498047,0.009841983762001405,0.37833149543209815
2024-02-20,3742.991973876953,-0.00090671623392935,0.3779884561233831
2024-02-21,3602.535919189453,-0.03752507503830338,0.3638044109437407
2024-02-22,3644.3391723632812,0.01160384076981913,0.36802593939968975
2024-02-23,3610.3291625976562,-0.00933228444364853,0.3645914166505709
2024-02-26,3579.5704650878906,-0.008519637995454854,0.36148522976445796
2024-02-27,3718.379150390625,0.03877802844127731,0.37550291428536575
2024-02-28,3590.9258422851562,-0.034276576688549776,0.36263195984708946
2024-02-29,3595.699920654297,0.0013294839767847844,0.3631140732271762
2024-03-01,3680.046905517578,0.02345773749883251,0.37163190783907113
2024-03-04,3644.6305236816406,-0.009623894136467914,0.3680553617002943
2024-03-05,3577.188720703125,-0.01850442796335605,0.36124470777318424
2024-03-06,3484.7220764160156,-0.02584897010100551,0.35190690412280873
2024-03-07,3555.3309631347656,0.020262415529955335,0.35903738804200525
2024-03-11,3442.2993774414062,-0.031792141678337105,0.3476228205335537
2024-03-12,3314.538604736328,-0.03711495099535478,0.33472081658458386
2024-03-13,3051.57177734375,-0.07933738560679615,0.308164942088591
2024-03-14,3165.361785888672,0.037288983136412046,0.3196560994173659
2024-03-15,3151.3541259765625,-0.004425295071974422,0.31824152685588764
2024-03-18,3197.1798400878906,0.014541594590588014,0.32286926612131567
2024-03-19,3120.309799194336,-0.02404307694228469,0.3151064955136619
2024-03-20,3113.172149658203,-0.0022874810501110066,0.3143856953764075
2024-03-21,3223.4694213867188,0.03542922344998667,0.32552413642737765
2024-03-22,3306.6065368652344,0.025791190984138623,0.33391979159992297
2024-03-26,3318.1014099121094,0.00347633530591529,0.33508060876080564
2024-03-27,3279.1394653320312,-0.011742240446204533,0.3311460116838757
2024-03-28,3289.1357421875,0.0030484451671397572,0.33215549214281104
2024-04-01,3414.5040588378906,0.03811588407324651,0.34481589237561855
2024-04-02,3485.0369567871094,0.020656849935982935,0.35193870251996373
2024-04-03,3562.9900512695312,0.02236793912059043,0.3598108459921099
2024-04-04,3553.6707763671875,-0.002615577020492421,0.35886973301160896
2024-04-05,3761.211456298828,0.05840177466968499,0.37982836229472294
2024-04-08,3743.6666259765625,-0.004664675338283297,0.3780565863003462
2024-04-09,3677.669952392578,-0.017628886377341058,0.371391869696252
2024-04-10,3656.6153869628906,-0.005724974155440488,0.3692656608407002
2024-04-12,3628.4276428222656,-0.007708698114962886,0.366419103337057
2024-04-15,3510.794708251953,-0.032419809942472844,0.35453986564757833
2024-04-16,3527.0630493164062,0.0046338058520525305,0.356182734551802
2024-04-18,3562.583465576172,0.010070819762252325,0.35976978667389936
2024-04-19,3548.9734497070312,-0.003820265826933955,0.35839537045230574
2024-04-22,3682.0145568847656,0.0374872083612563,0.37183061238016096
2024-04-23,3680.201202392578,-0.0004924897672652362,0.37164748960840777
2024-04-24,3700.1712341308594,0.00542634237641626,0.37366417613035857
2024-04-25,3722.3045654296875,0.0059817046018484366,0.37589932485226346
2024-04-26,3771.1358032226562,0.013118549794791434,0.38083057886316635
2024-04-29,3872.3160705566406,0.026830183958774345,0.3910483333511916
2024-04-30,3862.914276123047,-0.00242795119568906,0.3900988870826594
2024-05-02,3944.735107421875,0.021181114943339185,0.3983616164492259
2024-05-03,3893.5667724609375,-0.012971298089107686,0.39319434917500423
2024-05-06,3767.334991455078,-0.03242060259469348,0.3804467514379223
2024-05-07,3674.0125122070312,-0.02477148420825792,0.3710225207425948
2024-05-08,3742.6397094726562,0.01867908643141769,0.3779528824755482
2024-05-09,3621.7482299804688,-0.03230112671177243,0.3657445785276259
2024-05-10,3655.1741333007812,0.009229217824589853,0.36912011491102015
2024-05-13,3636.1619262695312,-0.005201450420114773,0.3672001549342434
2024-05-14,3809.9900512695312,0.04780538615295837,0.3847543001363011
2024-05-15,3812.525146484375,0.0006653810589345444,0.38501030835995537
2024-05-16,3822.961639404297,0.00273742271039068,0.3860642443217944
2024-05-17,3881.812744140625,0.015394113330809756,0.3920073610518576
2024-05-21,4051.264923095703,0.043652847296886454,0.40911959852310975
2024-05-22,4098.3963623046875,0.011633758863878407,0.41387919727881434
2024-05-23,4098.281768798828,-2.7960571825969005e-05,0.41386762497979157
2024-05-24,4042.7225952148438,-0.013556699299440367,0.408256946038167
2024-05-27,4114.680572509766,0.017799385339992035,0.41552366873842866
2024-05-28,3994.0629272460938,-0.029313975444295703,0.4033430181165067
2024-05-29,4006.58984375,0.003136384361511091,0.404608056850852
2024-05-30,3910.529083251953,-0.023975691109958452,0.39490729905919547
2024-05-31,3971.7283935546875,0.015649879849977122,0.40108755084135084
2024-06-03,4157.495788574219,0.046772431700262906,0.41984739091890366
2024-06-04,3656.2530212402344,-0.12056362599609072,0.3692290671047225
2024-06-05,3713.8847045898438,0.015762498660462088,0.3750490397803643
2024-06-06,3823.5704956054688,0.029533978499674207,0.386125730057561
2024-06-07,3879.885223388672,0.014728309010629603,0.3918127091268037
2024-06-10,3884.7003784179688,0.0012410560498723466,0.3922989706598824
2024-06-11,3969.427947998047,0.02181058030904892,0.400855238864617
2024-06-12,4026.8272399902344,0.014460343592112901,0.4066517433492978
2024-06-13,3974.8677978515625,-0.01290332041629827,0.40140458560701553
2024-06-14,3973.1677856445312,-0.00042769025122046944,0.40123290877895623
2024-06-18,4018.3334045410156,0.011367659593856771,0.4057939879038084
2024-06-19,3961.6148071289062,-0.014114955555458164,0.400066223799874
2024-06-20,3985.5562438964844,0.0060433530096100085,0.4024839652175183
2024-06-21,4168.837005615234,0.045986243952629735,0.4209926910290328
2024-06-24,4251.243103027344,0.019767167030304122,0.42931452387114094
2024-06-25,4149.637939453125,-0.023900106653949038,0.41905386096253133
2024-06-26,4232.653350830078,0.020005458931169784,0.4274372257679654
2024-06-27,4222.533142089844,-0.0023909845435959864,0.4264152299677966
2024-06-28,4196.659149169922,-0.006127599724916832,0.4238023281219456
2024-07-01,4266.628448486328,0.016672619059435734,0.4308682228952248
2024-07-02,4375.218780517578,0.025451087045035514,0.44183428754107096
2024-07-03,4569.523681640625,0.044410328001943,0.4614562931732747
2024-07-04,4554.5076904296875,-0.003286117384896925,0.4599398936259079
2024-07-05,4721.069549560547,0.03657077130001407,0.4767602502874538
2024-07-08,4936.491851806641,0.04562997854292283,0.49851481027818884
2024-07-09,4844.129150390625,-0.018710190189458742,0.489187503365622
2024-07-10,4946.8089599609375,0.02119675309689728,0.4995566900925507
2024-07-11,5304.3856201171875,0.07228430753045978,0.5356667995080993
2024-07-12,5463.361846923828,0.02997071446007138,0.5517211162018968
2024-07-15,5481.253845214844,0.0032749063291661606,0.553527951177281
2024-07-16,5265.3453369140625,-0.0393903501639995,0.5317242913548467
2024-07-18,5061.178558349609,-0.038775572256028346,0.5111063776751313
2024-07-19,5165.596618652344,0.020631174952417286,0.5216511027722432
2024-07-22,5168.476989746094,0.0005576066631585164,0.521941978902993
2024-07-23,5004.2864990234375,-0.031767673736073365,0.5053610964080422
2024-07-24,5149.7982177734375,0.02907741568721045,0.5200556910804432
2024-07-25,5045.1614990234375,-0.020318605569606296,0.5094888846191507
2024-07-26,5024.518249511719,-0.004091692508894851,0.5074042127665893
2024-07-29,5141.735412597656,0.023329035196026693,0.5192414635048332
2024-07-30,5138.769500732422,-0.0005768308999268834,0.5189419489841604
2024-07-31,5105.204620361328,-0.006531696034684953,0.5155523779137489
2024-08-01,5085.88134765625,-0.003785014341640691,0.5136010047694783
2024-08-02,5049.971405029297,-0.007060711835816136,0.5099746160762154
2024-08-05,4784.680145263672,-0.052533220188419216,0.48318400727937905
2024-08-06,4713.675842285156,-0.014839926771030298,0.4760135919944201
2024-08-07,4899.344177246094,0.039389287930102324,0.4947634284281306
2024-08-08,4857.241668701172,-0.008593498848367798,0.49051167947571894
2024-08-09,4846.848907470703,-0.00213964260774524,0.48946215978671603
2024-08-12,4900.874359130859,0.01114651038056591,0.4949179548316729
2024-08-13,4792.537994384766,-0.022105517670382935,0.48397753723575154
2024-08-14,4728.339294433594,-0.01339555367665135,0.4774943901574165
2024-08-16,4822.063781738281,0.01982186164495947,0.4869592178953611
2024-08-19,4872.171630859375,0.010391370041777037,0.49201939132376615
2024-08-20,4816.459686279297,-0.011434725375274013,0.4863932847046694
2024-08-21,4796.8829345703125,-0.004064552178180358,0.48441631381987077
2024-08-22,4973.095520019531,0.03673481047020877,0.502211255296721
2024-08-23,5063.786468505859,0.01823631742467957,0.5113697391625588
2024-08-26,5013.569885253906,-0.00991680505571757,0.5062985851478905
2024-08-27,5009.997955322266,-0.0007124524068461424,0.5059378715023191
2024-08-28,4996.153900146484,-0.0027632855939739853,0.5045398206705508
2024-08-29,4988.546539306641,-0.0015226434156924151,0.5037715864346521
2024-08-30,4862.453399658203,-0.02527652867521668,0.49103798948437727
2024-09-02,4855.330047607422,-0.0014649707596748884,0.4903186331878931
2024-09-03,4850.4019775390625,-0.0010149814780949784,0.4898209688568425
2024-09-04,4800.159637451172,-0.010358386855470858,0.4847472137715018
2024-09-05,4795.343841552734,-0.0010032574460366872,0.48426088751984003
2024-09-06,4686.912780761719,-0.022611738464181852,0.4733109069828088
2024-09-09,4620.746551513672,-0.014117230753607823,0.4666290676907331
2024-09-10,4756.821105957031,0.02944860812562511,0.4803706442451833
2024-09-11,4686.595520019531,-0.01476313369227944,0.4732788682023452
2024-09-12,4750.850341796875,0.013710340801306398,0.4797676827794559
2024-09-13,4740.761505126954,-0.0021235854518846242,0.47874885510802107
2024-09-16,4700.7742919921875,-0.00843476582644409,0.4747107206255067
2024-09-17,4694.645782470703,-0.001303723416783531,0.47409182914282905
2024-09-18,4665.261932373047,-0.006259013237457145,0.4711244821084538
2024-09-19,4667.042449951172,0.00038165436452120005,0.4713042888232833
2024-09-20,4767.074066162109,0.021433620388857655,0.4814060460375621
2024-09-23,4731.716827392578,-0.0074169686224314635,0.4778354724994527
2024-09-24,4717.447814941406,-0.0030156099723818164,0.47639450708342557
2024-09-25,4700.141387939453,-0.003668599565031516,0.4746468064019559
2024-09-26,4736.6444091796875,0.007766366631842381,0.4783330875211066
2024-09-27,4793.977355957031,0.012104127273356635,0.4841228920915197
2024-09-30,4798.765197753906,0.0009987201526777678,0.48460639538022415
2024-10-01,4736.373077392578,-0.01300170310281723,0.478305686905764
2024-10-03,4616.122802734375,-0.02538868300560526,0.46616213544113533
2024-10-04,4552.7652587890625,-0.013725272626582297,0.45976393304401597
2024-10-07,4351.0799560546875,-0.0442995171659738,0.43939661279983694
2024-10-08,4520.287780761719,0.03888869577576304,0.45648417399991054
2024-10-09,4577.194396972656,0.0125891578082995,0.46223092530338666
2024-10-10,4595.701141357422,0.00404325068583633,0.46409984080913436
2024-10-11,4534.077331542969,-0.013409011578209729,0.4578767206702794
2024-10-14,4478.0086669921875,-0.01236605828504933,0.4522145904551035
2024-10-15,4484.49560546875,0.0014486212419324573,0.45286967811674855
2024-10-16,4516.62567138672,0.007164700056520923,0.45611435352514823
2024-10-17,4474.40673828125,-0.009347450104827293,0.45185084736347636
2024-10-18,4445.192138671875,-0.006529267748375811,0.44890059219870976
2024-10-21,4351.469421386719,-0.021084064391681978,0.439435943207328
2024-10-22,4181.348815917969,-0.03909497895874825,0.4222562042539198
2024-10-23,4183.875793457031,0.0006043450690940144,0.422511392708855
2024-10-24,4214.192718505859,0.007246134098015,0.42557296691836244
2024-10-25,4088.6582641601567,-0.02978849396100014,0.4128957891633499
2024-10-28,4191.955505371094,0.025264337231704292,0.42332732762232345
2024-10-29,4269.388458251953,0.018471797418089464,0.4311469442597042
2024-10-30,4340.482727050781,0.016652096545915374,0.43832644480099314
2024-10-31,4347.169921875,0.0015406569371980705,0.43900175547893316
2024-11-01,4373.463714599609,0.006048485151753269,0.4416570510785411
2024-11-04,4255.119323730469,-0.02705964850561815,0.4297059665163279
2024-11-05,4250.414611816406,-0.0011056592203712023,0.42923085815240064
2024-11-06,4329.86654663086,0.018692749312872348,0.4372543629811925
2024-11-07,4257.494781494141,-0.016714548671952323,0.42994585364911986
2024-11-08,4192.3565673828125,-0.015299658004153338,0.42336782912798454
2024-11-11,4186.349548339844,-0.0014328502231190088,0.4227612064395571
2024-11-12,4124.2557373046875,-0.014832447772972102,0.4164906229246037
2024-11-13,4009.9903259277344,-0.027705704654393926,0.4049514567345301
2024-11-14,4016.4176940917973,0.001602838820459196,0.4056005286497857
2024-11-18,3981.4890747070312,-0.008696460887558266,0.4020732395164099
2024-11-19,4033.903564453125,0.013164544411050638,0.40736635053451864
2024-11-21,3981.181915283203,-0.013069635485217446,0.4020422208240892
2024-11-22,4040.164794921875,0.014815419363843896,0.4079986449275692
2024-11-25,4168.029296875,0.03164833823457869,0.4209111240414867
2024-11-26,4153.335357666016,-0.0035253924966412997,0.41942724712303797
2024-11-27,4254.115325927734,0.02426482804373209,0.42960457715133443
2024-11-28,4345.3359375,0.021442909884529904,0.43881654938517206
2024-11-29,4306.706024169922,-0.008889971658279427,0.4349154826979539
2024-12-02,4290.145782470703,-0.0038452222200169306,0.4332431360200543
2024-12-03,4331.1466064453125,0.009556976861284427,0.4373836306463083
2024-12-04,4424.60693359375,0.021578657025683734,0.44682178200067335
2024-12-05,4466.202453613281,0.00940095259167939,0.4510223323901914
2024-12-06,4512.0391845703125,0.010263021310184417,0.455651184198881
2024-12-09,4524.298858642578,0.0027171027490606736,0.45688923528408054
2024-12-10,4501.567260742188,-0.005024336059711532,0.4545936702239487
2024-12-11,4575.328765869141,0.016385738755970713,0.46204252334435625
2024-12-12,4521.162017822266,-0.011838875590962084,0.4565724593927482
2024-12-13,4497.872711181641,-0.005151177186046296,0.4542205737561472
2024-12-16,4490.372253417969,-0.001667556697419581,0.4534631351962744
2024-12-17,4426.159881591797,-0.014300010823667164,0.44697860745483364
2024-12-18,4320.8807373046875,-0.02378566231304946,0.4363469252367559
2024-12-19,4330.1064453125,0.0021351452559570383,0.4372785893041266
2024-12-20,4247.443878173828,-0.019090192858459032,0.42893085670143594
2024-12-23,4198.5721435546875,-0.011506151940058773,0.42399551309244965
2024-12-24,4183.504241943359,-0.0035888156964170026,0.4224738713398531
2024-12-26,4173.218963623047,-0.0024585318253519395,0.4214352058817844
2024-12-27,4144.562530517578,-0.006866745635745408,0.4185413175210462
2024-12-30,4340.969421386719,0.04738905238440516,0.43837559394208897
2024-12-31,4308.7694091796875,-0.007417700767112234,0.43512385496262146
2025-01-01,4373.869354248047,0.015108709444897617,0.4416980148597955
2025-01-02,4380.869476318359,0.0016004415091899205,0.4424049266973039
2025-01-03,4461.769439697266,0.018466645449316976,0.4505746616236541
2025-01-06,4303.0693359375,-0.03556887147681331,0.43454822939365373
2025-01-07,4343.469421386719,0.009388667087423697,0.43862805805286015
2025-01-08,4390.0694580078125,0.010728758994282606,0.44333399277583946
2025-01-09,4317.169372558594,-0.016605679282874153,0.43597213067660784
2025-01-10,4167.769348144531,-0.034606014154482834,0.4208848729514531
2025-01-13,4155.0694580078125,-0.0030471672196478172,0.4196023663633498
2025-01-14,4218.869354248047,0.015354712330326148,0.4260452399919832
2025-01-15,4191.869384765625,-0.0063998117067159965,0.42331863067749187
2025-01-16,4198.16943359375,0.0015029210716872576,0.42395484516757487
2025-01-17,4227.269470214844,0.006931601280366406,0.426893531115156
2025-01-20,4235.169403076172,0.0018688027619224723,0.42769131092515084
2025-01-21,4210.66943359375,-0.005784885361286074,0.4252171657214307
2025-01-22,4158.869354248047,-0.012302100690315232,0.4199861013334752
2025-01-23,4124.669372558594,-0.008223384476966022,0.41653239414722804
2025-01-24,4105.0694580078125,-0.004751875309371267,0.4145530841479265
2025-01-27,4025.2693481445312,-0.019439405515444874,0.40649441863749664
2025-01-28,2579.6182250976562,-0.35914394740149636,0.2605044085313497
2025-01-29,2613.5181884765625,0.013141465294781218,0.26392781817520194
2025-01-30,2636.9782104492188,0.008976414274098232,0.26629694360960143
2025-01-31,2673.3381958007812,0.013788504283988257,0.2699687801573754
2025-02-01,2624.1382141113277,-0.01840394970106507,0.2650002883065012
2025-02-03,2579.858184814453,-0.016874122353296106,0.26052864101795853
2025-02-04,2611.958221435547,0.012442558591026831,0.2637702838984651
2025-02-05,2617.658203125,0.0021822637294406366,0.26434590022192095
2025-02-06,2592.158203125,-0.00974153156036861,0.26177076629205503
2025-02-07,2592.578155517578,0.0001620087817448823,0.26181317545499844
2025-02-10,2567.3182067871094,-0.009743177337473874,0.2592622832572532
2025-02-11,2519.6182250976562,-0.018579692055059938,0.2544452698728417
2025-02-12,2507.7381591796875,-0.004715026189139548,0.2532455537616886
2025-02-13,2523.0381774902344,0.0061011227406420065,0.25479063596871054
2025-02-14,2469.638214111328,-0.021164944650986284,0.24939800626084319
2025-02-17,2453.5581665039062,-0.00651109442490061,0.2477741522926969
2025-02-18,2426.138214111328,-0.011175586854600295,0.2450051307334249
2025-02-19,2481.878173828125,0.022974766809488623,0.2506340664791536
2025-02-20,2503.178192138672,0.008582217505741951,0.25278506255202626
2025-02-21,2524.7181701660156,0.008605051807734299,0.2549602911115078
2025-02-24,2492.7381591796875,-0.012666764696443455,0.2517307690970616
2025-02-25,2501.9782104492188,0.003706787748847251,0.2526638816279585
2025-02-27,2459.7381591796875,-0.01688266152483686,0.24839824283488224
2025-02-28,2396.7982177734375,-0.0255880656123334,0.24204221229923495
2025-03-03,2344.5381774902344,-0.021804105116429606,0.23676469845964926
2025-03-04,2328.5181884765625,-0.006832897483810996,0.23514690954728906
2025-03-05,2344.2381591796875,0.006751062019150433,0.23673440091725437
2025-03-06,2359.8381958007812,0.006654629590430616,0.2383097806666712
2025-03-07,2358.2181701660156,-0.000686498607255559,0.23814618133414814
2025-03-10,2324.378173828125,-0.014349815791432241,0.2347288275005701
2025-03-11,2312.5581665039062,-0.005085234174588615,0.23353517644520308
2025-03-12,2308.2381591796875,-0.0018680642877622056,0.23309891772214955
2025-03-13,2299.7782287597656,-0.0036651029211510755,0.23224458619788896
2025-03-17,2289.638214111328,-0.004409127159146098,0.2312205902853192
2025-03-18,2289.638214111328,0.0,0.2312205902853192
2025-03-19,2371.898162841797,0.03592705093035664,0.239527664208647
2025-03-20,2360.438232421875,-0.004831544034838209,0.23837037575146097
2025-03-21,2389.5982360839844,0.012353639786706117,0.2413151175093163
2025-03-24,2480.9181518554688,0.038215593898804245,0.25053711804169454
2025-03-25,2480.378173828125,-0.00021765249568583833,0.25048258801269085
2025-03-26,2438.1981811523438,-0.017005468408344493,0.24622301427540066
2025-03-27,2430.638214111328,-0.0031006368142898477,0.24545956613281295
2025-03-28,2424.2181701660156,-0.0026412996833672375,0.2448112338585069
2025-04-01,2424.6981811523438,0.000198006512877269,0.2448597080772364
2025-04-02,2429.1981811523438,0.0018559010911045615,0.24531414347662447
2025-04-03,2429.7381591796875,0.00022228652710731822,0.2453686735056282
2025-04-04,2399.378173828125,-0.01249516752941493,0.24230275082370506
2025-04-07,2358.2782287597656,-0.017129415244611423,0.2381522463899342
2025-04-08,2383.7782287597656,0.010812973502880796,0.2407273803198001
2025-04-09,2370.398162841797,-0.005612965902843325,0.23937618574218425
2025-04-11,2385.878173828125,0.006530553064456379,0.24093944462554076
2025-04-15,2462.5581665039062,0.0321391064795018,0.24868302309147305
2025-04-16,2519.0181884765625,0.0229273861387862,0.25438467478805193
2025-04-17,2501.138214111328,-0.007097993355914434,0.2525790540565599
2025-04-21,2514.6981811523438,0.0054215184768722224,0.25394841606499846
2025-04-22,2532.5181884765625,0.007086340403703151,0.25574798098621626
2025-04-23,2527.0581665039062,-0.0021559655514027387,0.25519659714936915
2025-04-24,2511.5181884765625,-0.006149434244658747,0.25362728245573846
2025-04-25,2465.9782104492188,-0.018132450020187707,0.24902839843285374
2025-04-28,2468.0181884765625,0.000827249007594455,0.24923440692832016
2025-04-29,2469.3381958007812,0.0005348450551871942,0.2493677087184483
2025-04-30,2463.0381774902344,-0.0025512982876384482,0.24873149731020258
2025-05-02,2451.2782287597656,-0.004774570218985308,0.24754391131062167
2025-05-05,2473.178192138672,0.008934099410651708,0.24975549322277232
2025-05-06,2422.0581665039062,-0.02066977049905161,0.24459310449698018
2025-05-07,2434.898162841797,0.005301274971618142,0.2458897598000804
2025-05-08,2413.4181518554688,-0.008821728692447017,0.24372058705087313
2025-05-09,2399.5581665039062,-0.005742886014554416,0.24232092750003967
2025-05-12,2468.678192138672,0.028805313661336207,0.24930105782338421
2025-05-13,2463.158203125,-0.0022360099551451684,0.2487436181762629
2025-05-14,2467.4181518554688,0.0017294661484041907,0.24917381184353032
2025-05-15,2461.178192138672,-0.0025289429406623043,0.2485436654910707
2025-05-16,2500.4181518554688,0.015943567126563307,0.2525063381057097
2025-05-19,2506.0581665039062,0.0022556285812644905,0.2530758986188914
2025-05-20,2477.858184814453,-0.011252724324748442,0.25022810529849504
2025-05-21,2493.938232421875,0.006489494720064437,0.25185195926664133
2025-05-22,2484.878173828125,-0.003632831990771357,0.250937023412079
2025-05-23,2491.7782287597656,0.0027768181974936468,0.25163382990511457
2025-05-26,2501.9782104492188,0.004093454855543133,0.25266388162795855
2025-05-27,2512.1182250976562,0.004052798943687375,0.2536878775405283
2025-05-28,2502.2782287597656,-0.003917011643633228,0.2526941791703535
2025-05-29,2520.578155517578,0.007313306149365539,0.2545422090647889
2025-05-30,2509.0581665039062,-0.00457037564514895,0.2533788555518168
2025-06-02,2511.938232421875,0.0011478673377993687,0.2536697008641937
2025-06-03,2497.0581665039062,-0.005923738779047172,0.2521670278201152
2025-06-04,2504.678192138672,0.003051601174927532,0.25293654101848906
2025-06-05,2519.3182067871094,0.005845068118685903,0.2544149723304469
2025-06-06,2509.898162841797,-0.003739124307495012,0.2534636831232155
2025-06-09,2560.1182250976562,0.02000880473931188,0.25853518846733475
2025-06-10,2555.438232421875,-0.0018280377171263629,0.2580625763916121
2025-06-11,2554.7181701660156,-0.00028177642751203713,0.25798986044076194
